{
    "loss": 0.5149446129798889,
    "accuracy": 0.917573869228363
}