{
    "loss": 1.2049332857131958,
    "accuracy": 0.8793103694915771
}